DROP TABLE IF EXISTS app1_mst_users;
CREATE TABLE app1_mst_users (
    user_id varchar(255)
  , name    varchar(255)
  , email   varchar(255)
);

INSERT INTO app1_mst_users
VALUES
    ('U001', 'Sato'  , 'sato@example.com'  )
  , ('U002', 'Suzuki', 'suzuki@example.com')
;

DROP TABLE IF EXISTS app2_mst_users;
CREATE TABLE app2_mst_users (
    user_id varchar(255)
  , name    varchar(255)
  , phone   varchar(255)
);

INSERT INTO app2_mst_users
VALUES
    ('U001', 'Ito'   , '080-xxxx-xxxx')
  , ('U002', 'Tanaka', '070-xxxx-xxxx')
;


DROP TABLE IF EXISTS mst_categories;
CREATE TABLE mst_categories (
    category_id integer
  , name        varchar(255)
);

INSERT INTO mst_categories
VALUES
    (1, 'dvd' )
  , (2, 'cd'  )
  , (3, 'book')
;

DROP TABLE IF EXISTS category_sales;
CREATE TABLE category_sales (
    category_id integer
  , sales       integer
);

INSERT INTO category_sales
VALUES
    (1, 850000)
  , (2, 500000)
;

DROP TABLE IF EXISTS product_sale_ranking;
CREATE TABLE product_sale_ranking (
    category_id integer
  , rank        integer
  , product_id  varchar(255)
  , sales       integer
);

INSERT INTO product_sale_ranking
VALUES
    (1, 1, 'D001', 50000)
  , (1, 2, 'D002', 20000)
  , (1, 3, 'D003', 10000)
  , (2, 1, 'C001', 30000)
  , (2, 2, 'C002', 20000)
  , (2, 3, 'C003', 10000)
;


DROP TABLE IF EXISTS mst_users_with_card_number;
CREATE TABLE mst_users_with_card_number (
    user_id     varchar(255)
  , card_number varchar(255)
);

INSERT INTO mst_users_with_card_number
VALUES
    ('U001', '1234-xxxx-xxxx-xxxx')
  , ('U002', NULL                 )
  , ('U003', '5678-xxxx-xxxx-xxxx')
;

DROP TABLE IF EXISTS purchase_log;
CREATE TABLE purchase_log (
    purchase_id integer
  , user_id     varchar(255)
  , amount      integer
  , stamp       varchar(255)
);

INSERT INTO purchase_log
VALUES
    (10001, 'U001', 200, '2017-01-30 10:00:00')
  , (10002, 'U001', 500, '2017-02-10 10:00:00')
  , (10003, 'U001', 200, '2017-02-12 10:00:00')
  , (10004, 'U002', 800, '2017-03-01 10:00:00')
  , (10005, 'U002', 400, '2017-03-02 10:00:00')
;


DROP TABLE IF EXISTS product_sales;
CREATE TABLE product_sales (
    category_name varchar(255)
  , product_id    varchar(255)
  , sales         integer
);

INSERT INTO product_sales
VALUES
    ('dvd' , 'D001', 50000)
  , ('dvd' , 'D002', 20000)
  , ('dvd' , 'D003', 10000)
  , ('cd'  , 'C001', 30000)
  , ('cd'  , 'C002', 20000)
  , ('cd'  , 'C003', 10000)
  , ('book', 'B001', 20000)
  , ('book', 'B002', 15000)
  , ('book', 'B003', 10000)
  , ('book', 'B004',  5000)
;


-- 必要なテーブルはありません


